{
    "drive": {
        "p": 0.00023,
        "i": 0.000002,
        "d": 1,
        "f": 0,
        "iz": 0
    },
    "angle": {
        "p": 0.01,
        "i": 0,
        "d": 0.0008,
        "f": 0,
        "iz": 0
    }
}
